Array Size,Average Time (seconds)
10000,0.000010
20000,0.000021
30000,0.000031
40000,0.000041
50000,0.000050
60000,0.000062
70000,0.000070
80000,0.000077
90000,0.000087
100000,0.000098 
110000,0.000108
120000,0.000126
130000,0.000131
140000,0.000136
150000,0.000150
160000,0.000159
170000,0.000169
180000,0.000178
190000,0.000191
200000,0.000199
210000,0.000214
220000,0.000221
230000,0.000230
240000,0.000239
250000,0.000246
260000,0.000262
270000,0.000271
280000,0.000279
290000,0.000287
300000,0.000297