Array Size, Time (seconds)
1000, 0.001000
2000, 0.000000
3000, 0.003000
4000, 0.001000
5000, 0.000000
6000, 0.002000
7000, 0.002000
8000, 0.002000
9000, 0.004000
10000, 0.004000
11000, 0.003000
12000, 0.003000
13000, 0.003000
14000, 0.004000
15000, 0.004000
16000, 0.005000
17000, 0.005000
18000, 0.005000
19000, 0.005000
20000, 0.006000
21000, 0.004000
22000, 0.006000
23000, 0.006000
24000, 0.007000
25000, 0.006000
26000, 0.010000
27000, 0.008000
28000, 0.009000
29000, 0.008000
30000, 0.011000
31000, 0.008000
32000, 0.008000
33000, 0.010000
34000, 0.010000
35000, 0.010000
36000, 0.008000
37000, 0.009000
38000, 0.011000
39000, 0.010000
40000, 0.009000
41000, 0.011000
42000, 0.010000
43000, 0.011000
44000, 0.012000
45000, 0.011000
46000, 0.011000
47000, 0.013000
48000, 0.013000
49000, 0.014000
50000, 0.014000